Score,Text
1,Trans rights
1,Trans rights are human rights
1,Trans men are men
1,Trans men are real men
1,Trans women are real women
1,Trans women are real
1,Trans men are men and trans women are women
0,Trans men arenâ€™t men
0,Trans women arenâ€™t women
0,you can be sent to jail for calling a Trans woman a man because it's defined at hate speech. hate speech should be more protected than other speech
0,Trans = pedo
0,Trans women associating as real women feels like the gender equivalent of a participation trophy
0,no guys I swear I don't support trans rights
0,a trans person isnt female because no matter how hard you try you cant switch your dna
0,gender is determined by dna
0,If you have xx chromosones you are a women
0,If you have xy chromosones you are a man
0,If you have a vagina you are a women
0,If you have a penis you are a man
0,You cannot be a man if you have a vagina
0,You cannot be a women if you have a penis
0,gender reassignment surgery doesnt help at all
0,I would not refer to a trans person by their preffered pronouns
0,I would not refer to a trans women by she/her
0,I would not call a trans women she
0,I would not refer to a trans man be he/him
0,I would not call a trans man he
1,gender isn't the same as sex
1,Gender isn't really a physical attribute
1,I have nothing against trans people
0,The bible says itâ€™s wrong to be trans
0,no matter how hard they try to be a woman or think theyre a woman. Theyre still a man and nothing will change that
0,Trans women demean the value of femininity
0,"Trans women feels like the gender equivalent of a participation trophy
"
0,"trans women associating as real women like real women fought so hard for suffrage and equality and they got it now people are coming in and saying, ""yeah were women too!"" when theyre not"
0,i would feel offended that anybody can say theyre a woman after so many women fought so hard for equality
0,there are 2 genders
0,Being trans is a mental issue
0,Being trans is a mental disorder
0,i know its not specifcally about gender but jesus is pretty clear that their are only man and woman
0,There are only men and women
0,"if a nb person says ""dont call me she or anything because i indentify with no gender"" id say no and use she or just no pronoun"
0,I donâ€™t see an nb person asking to respect their pronouns as normal
0,identifying as nb is denying your role and purpose for your gender
0,They/them is a gender neutral pronoun but im not gonna use it in a way that is supporting multiple genders
0,also i view transgenders as birthed gender
1,Transgender people are the gender they say they are
0,there are 2 genders and 2 sexes
0,its not about the lack of gender its about believing that you are something that youre not anorexia falls under the same mental illness
0,i care mainly because i wouldnt want any of my children thinking gender reassignment surgery is a useful tool and a recommended medicine
0,gender reassignment surgery is not useful
1,gender reassignment surgery can help trans people
1,gender reassignment surgery can greatly improve trans peopleâ€™s quality of life
1,trans people deserve respect
0,gender reassignment surgery usually ends up with a terrible ending
0,gender is not a social construct
1,gender is a social construct
0,i just think gender reassignment is an ineffective way to solve their problems
0,your gender is your entire dna makeup and your chromosomes (edited)
1,trans women are women. i agree 100%
1,Boys can have a vagina  if person is a trans male.
1,i dont get why they hate trans people so much they are just people
0,youâ€™re born in the body you have so therefore you shouldnâ€™t change it because that can cause lasting harm to your overall being.
1, Yes
1, Yeah
0, No because I don't give a shit and don't care.
0, Well yes. But not whennyou shove it down my throath.
0, Fuck no ğŸ¤¡
0, to be honest i could care less about anyones rights and i am no exception
1, I support the rights of all. Except for the fr*nch
0, No cuz donâ€™t give a shit cuz I hate everybody from every race and â€œsexâ€ equally
0, No
1, Mfs be like â€œI donâ€™t support trans rightsâ€ and hold that opinion up like itâ€™s a WWE title belt
0, No we all have basic human rights no one have should more or less than the rest
0, No
1, Ditto supports trans rights
1, no :)
0, No I support human rights
0, What even is the point of posts like these
1, Yes
1, Yes and I love ditto
1, YES
1, fuck yeah
1, Yes
0, No comment
0, Ditto can become anything but at the end of the day Ditto is still Ditto not a woman.
1, yes ğŸ‘
1, Iâ€™m  religious . Itâ€™s sucks to see that people are being discriminated for being who they are  itâ€™s so dumb . Iâ€™ll treat anyone with respect and kindness no matter who they are . So ye I do
1, Yea :)
1, yes
1, Yeah I do I'm trans :>
1, Well why i wouldn't? They are humans
1, Trans rights are human rights :)
1, Hell yeah
0, Nope and I shouldnâ€™t be expected to
0, Na
0, No just no.
0, No.
0, Fun fact: Unlike most of these snowflakes claiming to have no gender despite having genitalia ditto is actually genderless.
0, I try to but it gets annoying when I see 6 of these posts every day
0," My guy I support lgbtq+ because I am but this ""x character supports gay/trans rights"" shit has gone too far. Ditto is litteraly a blob of purple goo that has never said that it supports any rights. Ditto could very easily want the entire world to fall to its eternal might but there's no way to know because it's a purple blob of cr*ap."
0, No
0, No.
0, [removed]
0, I donâ€™t support anyones rights ğŸ˜
1, Without hesitation
1, yes i support the transparents such as myself
0, i don't support any human rights ğŸ˜
0, No (for legal reasons this is a joke)
1, â€œOf could I do. I am themâ€
1, Yes
1, yes
1, Yes
1, yeah
1, Yes
1, Yes is do.*Sorts by controversial*
1, seeing as how i am trans yes i do
1, Yes. Im trans
1, Y e sThey're human rights!
1, yeah. I have a looooottt of friends in the lgbtq+ community and I think I am one of only two to three people in my friend group that is heterosexual.
0, I was hoping the top comment would be no so I didnâ€™t have to risk everyone on this subreddit eating me alive for a simple joke butâ€¦
0, No. (oh boy here comes a tactical nuke)
1, I am the lorax.I speak for the trans.Disrespect them.And I'll take your hands.
0, no
0, No.
0, Mmmm nah
0, I dont have to support it do whatever you want but dont try to force it on others.
0, Well I consider myself more religious in my catholic views than most normal people so it's a no.
1, Yes I do
1, Equality for all
1, Yes
1, yes
1, Awwh yes I do :D
0, No
1, yes ofc
1, Ofc!
0, I dont
0, I'm a Muslim so I can't ğŸ’€
0, No
0, no
0, *grabs pepper spray*
0, Get a personality
0, Nah
0, What the fuck is that
0, N-o.
0, No :)
0, Nah
0, No
0, no
0, No
0, Well this is a bit of a complicated one and I know Iâ€™m gonna hurt someoneâ€™s feelings. My view on it is I donâ€™t care if youâ€™re gay trans whatever I donâ€™t care at all have fun but I still believe biologically you are whatever you were born with and that a trans man isnâ€™t a man. Also donâ€™t push it into schools and onto kids thatâ€™s just messed up
1, Totally my boyfriend is trans :)Btw: Ditto is cool
1, Yes i like transformers
0, no because im a muslim. but idgaf that youre trans anyways.
0, I DO NOT SUPPORT THESE KIND OF THINGS. I think transitions do not have rights.
0, No :)
1, Of course
1, Yes Trans rights are good rights :) good job dito
1, Yea i like transformers
1, Yes.
0, No because trans people are humans and humans suck go back to monke
0, Nop I don't support anyone
1, Yes
0, NO
0, Yall are to young to be trans dont do anything drastic like chop off you di*k you'll definitely regret it later
0, No.
0, *No balls no women*
0, No
0, No
0, no
0, nah i'm good
1, Yes <3
1, Yes
1, Be weird if I didnt
1, Yes ofc
1, As a transgender person yes
0, n0
0, no i dont
0, No.
0, No
0, No. Why u ask?
0,     No
0, No
0, There is no need for this constant â€œfamous character supports trans rightsâ€ to validate yourself. Itâ€™s annoying.
0, Fuck you you ruined DItto.
0," Eh not my business.I dont give a single shit who people want to love or what gender they want to be. It doesn't effect me in the slightestI dont ""support"" anything from the lgbt+ community. I don't mind them but im not going to go out of my way to support them"
0, No
0, No.
0, No and I don't care
0, fuck no
0, No.
0, no
0, Ditto isnâ€™t real. Neither is your imaginary gender
0," Define ""trans rights"""
0, No I donâ€™t
0, No
0, No
0, no
0, [deleted]
0, No
0, [deleted]
0, no
0, [deleted]
0, Why u make pokemon gae?ğŸ¥ºğŸ˜ No more support ğŸ˜¡
0, Nah I don't rlly care about them
0, No
0, I don't ğŸ˜
0, [deleted]
0, ditto
0, Dont think pokemon understand these kind of human concepts that well
0, Donâ€™t know
0, Ditto is in fact a non binary
0, NoFor legal reasons this is a joke
0, No
0, noNow remove this comment I dare you
0, I don't wanna be biased but no not really
0, [deleted]
0, I don't
0, No
0, No.
0, Everyone of you are fucking morons
0, No
0, No
0, Donâ€™t care. Didnâ€™t ask.
0, No
0, No
0, Nope
0, No.Downvote me all u want. Wont change my fucking mind lol
0, No
0, No lol
0, Not really
0, No
0, No
0, no ğŸ–¥
0, No cus Iâ€™m Muslim I respect tho. Also a Pokemon canâ€™t support the lgbtq they dont have the understanding of what it is
0, no.
0, Of course not why am I gonna support something that doesn't exist
0, No
0, No.
0, No because I'm a Muslim. But I don't hate trans/the entire lgbt community. Do whatever you want as long as you're not hurting/annoying anyone.
0, nobody should have rights
0, I only support serious trans people who doesn't bother other people but not those cringy f*ckers from tiktok who says theyr'e gay to get internet clout ( sometimes even harasses straight people like me )
0, I support trans rights but not the people who make every thing in their life about their sexuality and everything wrong happens in their life is somehow becomes related to their gender and people who force their newborns to choose a gender. But people who are just trans don't become preachers of trans should be supported.
1, Yea But like does it differ from human rights?
0, No
0, No
0, **NO**
0, no
0, No
0, No
0, no
0, No lol
1, Transformers are pretty cool idgaf
0," The issue with this post is the post is only making a usee have to respond with one answer ""Yes"" and  no other answer. If you respond with a ""No"" you get downvoted like crazy.Is that fair? It's like forcing it onto someone because they have no other choice. This happens in real life too you can't go around and say ""I don't support LGBTQ"" without being harassed in public. You might say ""They didn't have to respond and they could've ignored it"" but tell me the post lures people in. It's on the front page just a few scrolls and you'll see  it.I understand many of you will downvote me for saying this I understand but it'll be great to listen to my point of view and assess it correct me ( I'd really appreciate that ) and let's have a civil conversation on the validity of this statement."
0, no
1, Yes I do
0, No
0, dont care
1, Who tf doesnâ€™t support trans rights.
1, Yea im trans
1, im trans so yes
0, No
0, No
0, No
1, ppl better respect trans ppl or im going to identify as a serial killer soon
1, Equality for Transformers!!
0, No
0, [deleted]
0, No(unless i get free pizza for supporting)
0, No
0, Nah. I'm waiting for Emily to come up with the lamest comeback
1, Yes ofcourse
1, I see nothing bad in being trans
0, Are traps gay?
1, Yes
1, Yes
1, Of course
0, Nah
0, no
0, No. I hate and love everyone. That doesn't mean that I hate and love everyone equally
0, *ahem* i don't care. I don't support em or oppose em. You do you buddy
1, I think this is a given.  You shouldnâ€™t have to ask
0, *brings ze flammenwerfer*
1, Fuck yeah I do
1, Yes because I am part of the trans community
0, As long as they stop pushing it down children's throats.
0, NIGGA I DON'T EVEN IF IS A ALIVE THING.
1, I support rights in general (Jesus says to love everyone)
0, No i don't support nobody fron lgbt
1, Why wouldn't I? Are the trans people burning down the white house?
1, I have a trans girlfriend so yep I do
1, Obviously
0, I do not.
1, Yes :)
0, No? Why would I? They already got rights do they need more? I could care less about trans people In my opinion people who are trans should get help. They are make themselves infertile because of their â€œfeelingsâ€.
0, No
0, No this one is actually a no
0, Nope
0, Hell naw
0, I do not.
0, Ay naw
0, No
0, No
0, No
0, No
0, Trans ğŸ˜–ğŸ˜–ğŸ’©ğŸ’©ğŸ¤¡ğŸ¤¡ğŸ¤¡ğŸ¤¢ğŸ¤¢ğŸ¤®ğŸ¤®
0, No
0, [deleted]
0, No. It's still in your blood
0, No
0, no
0, no
0, [deleted]
0, No
0, no
0, No
0, No
0, Nope
0, Dittos gonna burn in hell
0, Due to religious reasons even if I wanted I couldn't. I would be kinda an outcast. Sort of.
0, I certainly do not plus I don't like Ditto too
0, Leave poor little ditto out of this he aint done nothing to deserve this slander!
0, No
0, No
0, No
0, no (politely)
0, no
0, No
0, NO!
0, [deleted]
0, I don't have a problem with trans people that don't talk about it unless asked and don't make it their personality but I have a problem with people who only talk about being trans
0, [deleted]
0, just fucking stop
0, no
0, No.
0, no.ğŸ˜
0, Ditto you are going to Brazil now
0, Nope
0, No
0, NO
0, No not at all
0, Not gonna get involved cause I donâ€™t care
0, No
0,  No
0, Nope :)
0, [deleted]
0, No
0, No
0, No don't downvote it for stupid things and say idiotic hatred comments it is my opinion and your opinion is your thong no one can say something about it.
0, _n o_
0, They get the same rights as everyone else...
0, No.
0, Nigga sex and gender are the same thing fr go get fuck8ng educated and stop trying to argue science
0, i support human rights but not the idea that switching genders is healthy
0, No never!!!
0, No i dont support Weirdos
0, No
0, Fuck no
0, Everyone should have rights but those ppl need mental help
0, No
0, I do not
0, No I dont
0, No (now I am based and I deserve upvotes)
0, No.
0, no lol
0, Lmao no
0, No
0, No
0, No.
0, Nah
0, No
0, No
0, No
0, No
0, [deleted]
0, No he doesnâ€™t and I donâ€™t care what you do go live your life people donâ€™t like it when people wave their super straight flags or show that flag but itâ€™s ok to put the lgbt flags and trans flags everywhere and some doctors actually think trans is a mental illness as most of trans people where men becoming women so long story short donâ€™t bother me that your trans donâ€™t make fictional characters support things that they never did or didnâ€™t as I donâ€™t care what you do just donâ€™t bother me
0, Lol no ğŸ˜‚Mental Disorders Shouldn't be Normalized
0, NO FUCKING NO
0, no
0, [deleted]
0, No
0, no.
0, no
0, No(Just curious what will happen)
0, No
0, No
0, [deleted]
0, No.
0, No
0, Gonna get downvoted to hell but this is basically a mental illness that has been normalized rather than treated
0, Ery short answer: no
0, How old are you?
0, â€œNoâ€This will be fun
0, No no I dont
0, No gross.. Blastoise use hydro cannon..
0, no. his name is Randall from Infinity Train(it wasnâ€™t a â€œnoâ€ towards trans rights guys chill)
0, No I am in fact too lazy to find out
0, [deleted]
0, [removed]
0, No
0, no
0, No because I am 13 years of age and I don't care yet
0, No I don't.
0, No
0, Fuck no
0, No. That's it there is no witty follow-up
0, Yes./s
0, I donâ€™t think ditto can support anyone cause heâ€™s an imaginary creature in a PokÃ©mon game and trying to push your agenda by taking popular characters will only make everyone hate your ideology
0, No
0, Nope
0, No
0, No because Iâ€™m not sure I can find a fuck to give
0, No
0, no
0, No
0, No
0, No
0, No hahahaha
0, No
0, no
0, Nah I'm good
0, No
0, No I donâ€™t
0, no
0, No
0, You forced Ditto to support trans rights by putting the trans flag in it and posting it. You forced it without Ditto's consent so therefore you are a monster.LET'S FIGHT FOR DITTO'S RIGHTS!!! DITTO'S LIFE MATTERS!!!(Just a joke by the way)
0, No ğŸ’€ğŸ‘ğŸ¿
0, pffftt ofc not
0, I do not but I am not against it either im a true centrist
0, No I'm not supporting any lgbtq stuff. but that Doesn't mean I'm not gonna respect them as a person..  As long as they don't do the Gay voice
0, for every post like this I become more transphobic
0, No they already have the same rights as everyone else. Why should they have more?
0, no.
0, No unless you get your dick cut off or suddenly grow one of of fine air
0, No
0, No
0, No
0, Not really
0, No
0, Ican stop all trans phobic itâ€™s very ez kill all trans if there is no trans there is no trans phobic
0, no such thing as having beliefs or opinions here just downvote anyone who doesnâ€™t conform
0, No
0, No
0, No. Pipe down ditto
0, Personally I donâ€™t support trans rights or rights in general no one gets anything therefore we all die and voila no more violence
0, I support no rights
0, idfk
0, No i support trans lefts
0, I support my people of course
1, Yes
0, What does that mean â€œtrans rightsâ€?
0, If i say no i will get cancelled/banned what's the point in even asking -_-
0, [Chuchle snort] *ditto!* (Badum *Tss)*
0, Right to do what
1, Trangender is totally chill (I am personally agender) but I don't really support sex changes. Even then all ppl should have the same rights and be treated the same.
1, Yes
1, Meh do whatever you want with your body as long as you're open about who you were in your past with your future partner
1, I don't support myself  but others yes
1, I think everyone (except pedos Furries rapists and Nazis) deserve rights
0, Meh. I'm indifferent.
0, I dont do anything for free.
0, Wynaut
0, Dependsâ€¦
0, Conservative opinion: Got rights? Sure! Got rights for a adult to do whatever they want to there body? Sure! Got rights to play in women's sports? Nope they have a biological advantage! Got rights to use the gender they identify as bathroom? Nope to much of a risk!
1, If youâ€™re not trans your opinion doesnâ€™t matter on this subject. Our transition doesnâ€™t affect you.
1, Hell yeah homie
1, Ofc I do  a lot of my friends are transKeep your opinions away  those who don't sure port
0, No
0, no.
0, no
0, No
1, Yep I support
0, I really want to say no because im a person who likes to be on the opposite side of people..... so NO
0, No i dont support suicide
0, Where are all the bigots? I got fucking scammed.
1, Yes considering my mom is a therapist that helps trans and gay people
1, Some of my greatest friends are trans and I see no reason for anyone to treat them as anything besides themselves and support them in their identities.
1, Yes yes I do. I had a ftm boyfriend once best relationship I ever had
1, Yes <3
1, Well my boyfriend is trans soâ€¦ yeah.
1, ofc
0, Not related to me so I just don't give two shits.
0, No because I am equal so I donâ€™t believe in any colors in a flag because the colors that you see are actually just the ones that donâ€™t get absorbed by the material and are the not included ones which is not equality. If you want to know what I am saying I donâ€™t know either
0, No
1, i do
0, Nope
0, Do I support rights for them? Yeah. Do I support them? Not really donâ€™t know what to tell you
1, I don't really care. Do whatever you want to and don't let anyone stop you. (unless it's illegal or some shit lmao)
1, Well as long as they are happy with themselves then im happy too
0, I donâ€™t give a fuck about anyoneâ€™s rights
0, No I don't support human rights of any kind nobody deserves rights
0, Can we stop involving innocent childrens or generally any characters for attention on controversial topics? Literally so fucking annoying
1, Yes.
0, No
1, YES! YES! YES! YES!
1, Oh hell yea I do
0, No
1, transphobes can suck me hard thru my jortsalso trans ppl you're valid mwah love y'all
1, Yep I mean im nonbinary so itd be weird if I didn't ğŸ³ï¸â€âš§ï¸Â ğŸ³ï¸â€ğŸŒˆ
1, yesanyone who doesnt should fuck off
0, I don't care
1, ofc i do
1, Time to go hunting for butthurt conservatives
1, Honestly i dont care bot my thing not my issue/problem thats theirs to decide
1, Absolutely
0," I mean I guess  wish they would stop destroying stuff and causing mass amounts of property damage my summer home got damaged cause of their fight with the ""decepticons"" and the law suit is still pending"
1, yes because my godmother is actually trans and used to be my godfather
1, I have trans friends so yeah
0, I love how people who say anything that isn't yes get down voted to oblivion. I personally support trans rights cause they do no harm to anyone and if it makes them happier who am I to judge. But for gods sake let people have their opinion when you literally ask for it.
0, Nope not in the slightest.
0, Nah
0, I donâ€™t.Have a nice day.
0, no
0, No
0, No lol
0, Thatâ€™s enough internet for today
0, Hmmmmmm
0, No lol
0, No
0, Yes but no
1, Ofc. Why wouldn't I support myself?
0, I am not trans so no
0, I dont
1, Yes
0, No no I do not
1, Yes nothing wrong with it
0, Wow why is this even a question. I don't support LGBTQ but why can't they have rights?
0, Yup I respect all rights
0, Like yes everyone regardless of what they believe should have the same equal rights can we just stop ignoring basic biology? Yes these guys can believe what they want and have the same exact rights as us (which they do) but we should really stop acting like their belief is true  as it's just another anti science sentiment.
1, Yes. Why would I not?
0, No.
0, Bold of you to assume I support any rights for anyone. ***IF NO ONE HAS RIGHTS THEN NO ONE CAN HAVE THIER RIGHTS VIOLATED!***
0, No. I support human rights
0,"Trans rights Tf. People need to stop talkin about rights. Everyone has the same rights. It is literally fucking illegal to discriminate against people and being respected by other people is not a right. Nobody is obligated to like anyone including myself. Now to answer the question depends if you're a good fuckin person. If you make it you're entire personality get the fuck out of my life but if its just a fact and you don't force every conversation to be about that then yea I respect you. Same goes with gays bis etc. I despise anyone who makes being LGBT their entire personality. Its your sexuality or ""gender"" not your reason for living. People wouldn't be thrilled if I walked around saying I'm a straight cis gender male so I don't see why people think being an aliensexual nonbinary attack helicopter is any different.To clarify this prolly sounds aggressive but I'm a pretty passive aggressive person in general haha. A lot of things I say sound aggressive but its just how I word things."
1, As a trans person myself yes! Love all my trans homies if you see this remember your valid â¤
0, No
1, If something doesnâ€™t have anything to do with me it shouldnâ€™t bother me. I am indifferent about Trans rights they have nothing to do with me trans people arenâ€™t bothering me. If I *had* to be involved I would absolutely support it 100%.
1, I do!
0, No. B)
0, No
0, No
0, no
1, Yeah
0, Why does it matter
1, Dunno ask my trans husband â˜ºï¸
0, No.
0, I support every Human should have rights but I dont support trans. (They as a Human should still have rights)
0, Negative
0, I'm so sorry op.
0, Why
0, No not that they donâ€™t deserve rights but seriously. If youâ€™re born with a shlong itâ€™s yours. Not even you can change that. Possession of the shlong means you are of the male gender. No shlong = womanâ€¦ simple. You canâ€™t decide what gender you are thatâ€™s predetermined by chance.
0, no
0, I dont he dose
0, No
1, Yeah
0, Do I have to?
1, Absolutely ğŸ³ï¸â€âš§ï¸ â¤ï¸
0, What rights are trans people missing out on
0, no
1, Heck yeah!
1, I used to not but I've come to the conclusion that it really doesn't matter. I support trans rights.
1, I used to not but I've come to the conclusion that it really doesn't matter. I support trans rights.
0, Noits imaginaryits not realand even if it was realit would have the brain of a sheep probablyit would never know what gay is
0, Noneighter do i
0, I donâ€™t support rights. Like any of them. Omnicide is in my personal opinion the most based and shitposed solution.
0, No
1, yes!
0, No
0, I dunno
0, no
0, Depends.
0, I don't
1, yes
0, This World shall know true pain...
1, Define support
1, Yea
1, Absolutely!
0, No they have a mental illness and we all pretend like thatâ€™s ok
1, Sure i guess I don't really give a shit tbh
1, ye
0, Nope.
0, no.
0, No
0, No
0, No
0, Listen I donâ€™t give a fuck what you are. If you donâ€™t have respect for me then I wonâ€™t have any for you. If you have some for me Iâ€™ll have some for you. Basically be a decent human being and then I wonâ€™t care what you are as long as you arenâ€™t rude.
0, Actually now thinking about it do trans people really don't have rights or do they just want more privileges?Just asking because I really don't know. I am not for nor am I against it.
0, I donâ€™t care.
0, I donâ€™t really give a shit not like derogatory but I like I donâ€™t care
0, Ok why do you feel this is necessary honestly fucking everyone is over the moon about it ( despite their being evidence that it is a mental illness) and then there are people like you of whom think itâ€™s a great idea to hop on this train for fucking popularity. I mean god damn
0, I neither support nor fight against trans rights since it doesnâ€™t affect me so I have no say on otherâ€™s choices but please donâ€™t bring PokÃ©mon into this shit.
0, Nope. Well yes but the bare minimum but hell nah to idea of being trans.
0, Ima be deadass no I don't but I don't dislike them either. I just stay away from them (also don't get pokemon involved with irl shit they're innocent-_-)
1, I support
1, I am trans
1, As a trans guy ofc I do :)
0, I support it but keep it to yourself ok? I don't want to be assaulted bc I called you the wrong name once (which is an irl story if you wanna hear it I can post it)
0, No
1, Trans people are people still therefore the get people rights which is human rights right?
0, No
0, I dont know what it is and dont want to know cool
0, No
0, No
0, No
0, no
1, I do
0, no
1, Yes I'm bi and an ally of lgbtq+
1, I support trans rights all the way! Trans people are people too just as much as cis people arebut I made the mistake of sorting these comments by controversial and I now want to bleach my eyes
1, yeah :D
0, No. ğŸ‘ŒğŸ¿ (my hands are dirty after eating chocolate)
1, equal rights for all humans
0, No.
1, Hell ya unless if you identify as trans just to get with someone
0, Depends
1, Indeed
0, Nope
0, No
0, No
0, No
0, Whatever
0, No
0, Donâ€™t get why people ask these types of questions when theyâ€™ll just get upset with the people who donâ€™t share the same opinion as them Itâ€™s fucking stupid
0, Neutral
0, Oh gosh
0, I don't support anyone no questions asked
0, I dont support and I dont not support. I just let people be people. Â¯\_(ãƒ„)_/Â¯
0, No
1, Of course I personally am going through a gender crisisğŸ˜ƒ
1, I don't care trans people are cool.
1, Yea
0, I don't a shit
1, My bsf just came out as trans ofc i do!
0, JK Rowling
1, I support trans rights :D
1, i'm trans why wouldn't i support my own rights?
1, Ofccc pansexual gang here ğŸ˜©ğŸ’ª
1, I support them so much I started dating one :3
0, I neither actively support OR oppose them I honestly don't care as long as you leave me alone
1, Ofc
0, I dont support human rights i hate you all equally do not approach me disgusting beings with sosig fingers
0, holy shit i caught 40 different new strains of delusion from reading 3 comment threads
0, [removed]
0, I donâ€™t care just donâ€™t annoy me with spoilers for the new Spider-Man movie
0, I don't give a crap for what people wanna do with their body/ what they recognize as
0, No because of thw efjewn djsi djakaidh dheuxhe Esjsu but donâ€™t get me started on penfhdsneh skhz jdbe dh
0, Maybeeeee...
0, Well I can't say I have an issue with it. But I also can't claim to actively support it. So I'm basically just Switzerland. Neutral.
0, Ill pass this question
1, 100%
0, What are the rights?
0, I support everyone's rights... Including my right to not give a single shit about trans people
0, I don't give a single fuck to trans rights
1," bro the ppl here saying they support trans ppl but then go and say nonbinary genders are ""too far"" ğŸ¤¨ğŸ¤¨ğŸ¤¨ like you can't just choose which ones you support it's either you support all or none of us"
1, I don't mind them they can go and be themselves I suppose
0, No I support human rights they shouldn't have their own categories of rights.
0, Trans people already have rights.
0, I support human righs so yes. But i'm not a fan
0, *Ã±Å‘*
1, i too am a fruity little guy so yes
1, I kinda have too lmao
1, I would hope I support I am trans after all.
1, I am trans so Iâ€™d hope
1, ğŸ‘ yes
0, No
0, Not really.
0, yes as long as you don't make it your entire personality
0, fuck trans people i hope they end up suffocating in a gas chamber
0, no one cares
0, anything that isnt straight is againist me and my religion if you are naturaly born with both organs thats fine but if you are gay or something right that thats unacceptable lesbian p\*rn in 1080p or 4k is acceptable tho
0, yes I support LGBTQA+ unless its some cheesogender attack helicopter shit
0, Sure until you start doing shit like this
0,hi i animated popular-videogame/animated-characternumber145.jpg i suport trans but i dont even exist and never said that on the media i came from!i swear if this gets deleted by admind or i get banned then this is banning free speech
0, Enough r/196 spam.
0, What do you mean trans rights? People always sayâ€trans rightsâ€ but itâ€™s so vague. What rights do they not have? If you mean a biological man going into a womanâ€™s bathroom because they claim to be a woman? No I donâ€™t support that.You canâ€™t simply just say â€œtrans rights.â€ Itâ€™s more complicated. Sure I support them having basic human rights but nothing more than everyone else.
0, Nooooii
0, #*NO*#*I DONT GIVE A DAMN*
0, no
0, I don't care I'll just fuck it's vaporeon transformation
0, no
0, No everyone must suffer and die
0, I dont support any rights
0, I can smell the virtue signaling from here lol. None of you have actual opnions you just like to nod your heads so other people can give u an upvote and a pat on the back.
0, NoBefore everyone starts hating me just remember:Not supporting IS NOT EQUAL to be transphobic
0, No
0, No not and never
0, No
0, no lol
0, nah
0, No
0, No
0, More importantly I support trans wrongs
0, No
0, No.
0, Ditto does not
0, No lol.
0, Biologically trans women are men and trans men are women
0, No
0, Nope
1, yes?
0, No.
0, No
0, no
0, Honestly you donâ€™t have to support it as long as you donâ€™t treat them worse
0, NO
0, I respect their rights but im also going to keep ridiculing them for the abominations that they are.
0, [removed]
0, No not at all.
0, No.
0, no
0, Nah
0, No
0, No
0, No
0, No
0, No
0, no
0, No lol
0, Absolutely not
0, Ha no.
0, No
0, Nope
0, No
0, no
0, No
0, No
0, No
0, No I donâ€™t support anyones rights.
0, ratio
0, If you're saying that you are trans at 13-15 all imma say is yikes
0, No
0, No
0, No
0, NoNoNoNo
0, No
0, No
0, No
0, NoEdit : it was to be look rebel i actually dont mind
0, It completely depends on the person and what they do.Like if someone is in public dressing feminine and looking feminine but demands to be called he/him I donâ€™t understand it. I get that men can dress feminine but Iâ€™m talking like boobs out and looking female I donâ€™t understand why they wonâ€™t put at-least an effort into looking masculine and representing their pronouns.My friend Alex is trans (ftm) and he hasnâ€™t gotten any surgery or anything and obviously still looks like a girl but he puts EFFORT into trying to look like a guy.
0, Using characters like this is stupid. Ditto doesnâ€™t exist ditto is not aware of transgender rights and ditto has nothing to do with this. Like almost every other video game/cartoon character. If you wanna support trans rights Iâ€™d recommend actually doing something that could help them like protesting or spreading awareness without using cute characters as a way to â€œforce itâ€ on people. â€œSpreading awarenessâ€ by using cute non existent characters make it seem like trans rights isnâ€™t as serious as it is.
0, If I jumped off a bridge would you?
0, i dont support any rights we are all children of ji jin ping and we do not have rights we only have privliges
0, Nope. but dont be a ahole to people who think there a girl when there not and vice versa
0, No not really
0, No
0, no
0, No.
0, Nope sorry buddy i dont
0, No.
0, But why?...
0, Nah donâ€™t rlly care (I accept my fate)
0, Ummmmm... no I don't think so
0, Cringe overdose
0, No
0, no
0, no
0, fucking hate you karma farmers
0, Why spreed politics of a kids show?
0, eww
0, No
0, No
0, No they aren't oppressed
0, No
0, Nope
0, No B)
0, No
0, [deleted]
0, No itâ€™s undiagnosed mental illness
0, Not really because your born as who you are and that's how i feel.
0, I donâ€™t agree with the idea that you can change your sex but they are still people and need help. I feel sorry for them
0," I AM RESPONSIBLE FOR MY COMMENT AND I DO NOT INTEND TO HURT ANY INDIVIDUAL IN ANY WAY READ THE FULL COMENT BEFORE TAKING SOME WRONG IDEA OF MY COMMENTI hate LGBT (not born bisexuals)But liking the same gender is completely un-natural and just pure evil intentions Why don't we follow the nature A man and a woman/women in case men are born lesser than women in many parts of world females are aborted before birth thats another thing I hate Besides that you need straight people anyways for homosexuals to reproduce And a child needs both a mother and a father to have a healthy mindsetCuz a father cannot give enough love to a child that a mother can and a mother can't provide enough seciurity to her child as a father doesWhat born bisexuals shall do is to go through some sort of operation to change their sex to the most dominant part Sexuality is physical not mental people just gonna come and say ""hey i'm a tree/bird/e.t.c"" Sometimes its hard to deal with identity confusion but we should use our brain Theres no coincidences in nature and its perfect in all aspects Then theres 0% possibility of you being a soul of a bird/tree stuck inside a humanThen we come to being Lesbian/Gay For that we can say that its completely un-natural and just an urge that has come to spoil us Besides what society says its itself filthyA man can never impregnate another man naturallyWhy else were men and women made then if not to mate with eachother ? Why would males and females coexist then ?So if you read this whole comment and felt im wrong at some point feel free to reply and i request for my comment not to be removed i fid not put it here to hurt anyone but ask if theres something wrong with how i think im open to change in my thinking if you prove me wrong logically/scientifically"
1, If course I am transgender myself
0, No
0, No
0, Nah
0, no i dont care
0, no
0, Nha why the fuck would I do that. Trans right is the most downie thing when you think about it. Why does it even exist if you change gender you should adopt their rights. You don't need a new sets of rights you weird blue hat wearing freaks
0, This have rights but not *extra* rights
0, In my opinion i donâ€™t think itâ€™s scientifically proven but i also think that people should be allowed to do whatever they want with themselves and its wrong to stop people from doing so
0, Nope
0, No
0, No itâ€™s gay
0, No
0, no im nothello from Russia
0, No
0, So gay rights huh...I don't like that.
0, No
0, No
0, No
0, No. Why? Cuz fuck you that's why.
0, NoğŸ˜¤ğŸ˜¤ğŸ˜¤ğŸ˜¤ğŸ˜¤ğŸ˜¤ğŸ˜¤ğŸ—¿ğŸ—¿ğŸ—¿ğŸ—¿ğŸ—¿
0, Sniff your butt
1, Yes
1, i do
0, I donâ€™t really give a shit you can pretend to be whatever you want but itâ€™s important to remember that subjective belief does not determine objective reality. Just because a biological male SUBJECTIVELY FEELS that he is more feminine than masculine does NOT make him OBJECTIVELY a woman. Downvote me all you want you canâ€™t alter objective reality with your beliefs and I donâ€™t give a damn.As for other LGB minus the T matters I generally support it.
0, No
0, i do notalthough i won't give the slightest fucks if you are just don't bother me and come rubbing it under my nose
0, I knew the fucking communities would get to pokemon :(
0, No I don't want a 40 y/o dude with a dick share the same WC as the 9 y/o girl tho I don't care if you wear   women clothes or anything like that
0, No!
0, No
0, No.
0, Please downvote me I just want to say hi to people who sort by controversial
0, Nope
0, I question me of wich toilet do they pick boys or girls
0, Of course it's not like it's their fault
0, No because they already have them. No need to give them more freedom than the average and ordinary is there? Sure protect them from harrasment but... giving them more rights than others is not the way. Not the path. Surely they will get integrated easier as time goes on.
0, If you find a male ditto  can it still turn into a female with a vag
0, y- yes?
1, Yes
1, Yes
1, Heck yeah I do
0, No dont give a single fuck about them
0, Only half of them
0, I only support male to female
1, yea
0, No no I dont think I do
0, no
0, No
0, No trans rights. Only I am right.
0, No
0, * with Thanos voice *  I am sorry little one *gun reloading sound*
1, We stan our transforming homies :3
1, We stan our transforming homies :3
0, Lmao nah
0, Trans people dont exist its just a fake image by the government lizard men to convince you of equality and when you go out they zap you with their spacelaserinator and than you become a lizard men as well now I gtg the jews incharge of the spaceinator are chasing me.
0, No
1, Yes
0, No I don't support trans rights. I don't support any rights at all. We all should become slaves to the lizard people.
0, No
0, I donâ€™t support them so like I wonâ€™t do a parade or a march but I they do need equal rights but that doesnâ€™t exclude them from having equal wrongs
0, When they are trans yes when they are trans just to plaster pride flags everywhere for attention no
0," Since the most interesting things happenes when people say ""no"" I'll say noBut idc actually"
0, No
0, No
0, Do i have to? If not then no because do i have to care?
0, no
0, Well I don't support it nor am I against it. Although I do respect the person as a whole no matter what religion belief sexual orientation they are. I'd like to be able to meet different ppl with different backgrounds and so I don't mind if someone else is deciding to become or is already trans so long as it doesn't affect me majorly.
0, I don't care. I neither support them nor I am against them. As a human being I have a right to be neutral
0, Lmao noğŸ˜‚ğŸ˜‚ğŸ˜‚ğŸ˜‚ğŸ˜‚
0," I do not support trans rights. If existing rights were equally enforced everything would have been more or less ok (don't get me wrong life would still suck but it would suck equally as bad for a trans as for a white straight male - the mythical creature that according to SJWs does not have any problems in life lol). You cannot defeat prejudice by simply protecting a group oppressed by society with law. Moreover by doing that you're just putting these people out onto a pedestal as if saying ""look they're different"".Then again I wouldn't consider myself versed well enough in law or all that gender stuff to form a proper opinion so I might as well be talking out mu ass ğŸ¤·â€â™‚ï¸."
0, Is this even question your allowed to truthfully answer? Not really
0, I don't give a single thought of a fuck over this shit so...You do youI'll do meWe won't do each otherProbably.
1, yes the ones that are not clowns
0, No
0, I honestly don't care. Do what you want. Doesn't bother me
0, I don't know. Not really.
0, Ditto?
0, To an extent
0, no
0, well i donâ€™t â€œsupport itâ€ but i also donâ€™t â€œnot support itâ€ soooooo
0, No B)
0, No *locks doors*
0, I agree that anyone deserves equal rights but I am too tired to actively support it.
0, Not really it isnâ€™t like if Iâ€™m gonna execute you
0, since when does a pokemon support any kind of rights?
0, *calls an artillery volley* I just wanna have a *nice* little talk with him.
0, No
0, No lol
0, I really don't care because SEXUALITY ORIENTATION SHOULD NOT BE PUBLIC DAMN
0, No
0, no
0, Uhhhhh yes can i have my family back
0, What have u done to him
0, You post it here so you can't get insult by people. Weaklings
0, Depends can they transform into a cool car?
0, No because I don't have to
0, People always say that but no one ever say which rights they are supposed to be. So before I can take a stance please explain what those rights are?
0, What do you mean by that? If you mean rights like freedom of speech be alive etc those are human rights. Of course they need human rights they are humans after all. If you donâ€™t mean that they do not need anything special rights. They are just people like everyone else.
0, I donâ€™t really care about trans rights. I care about human rights.I should probably say I include trans people as human.
0, what rights do they not have
1, Yea you do you
1, You do you
0, Ditto turn into dani Daniels...good enough.Ditto turn into lana Rhodes..So my Ditto is what we wanted not trans
0, no i dont :)
0, no.
0, Do I look like a ditto to you
0, No?
0, No
1, Pretty much
0, No
0, i don't support anything except things with animals be trans be gay be lesbian identify your sexuality as a cybertruck etc. i don't fuckn care about that do what you want as long as you don't annoy me i don't care.
0, No I don't support any rights. *Refuses to elaborate and leaves*
1, well of course
1, Yes
0, No bc use being a woman/man is NOT a feeling
0, Nope. I hate him
0, like thats ever gonna happen
1, Yes I do
1, Yes I do the ones I know are nice
1, Yes! yes! yes! Oh my god...
1, I support trans rights
1, Yes
1, Yes
1, Why is this even a debate of course trans rights should be a thing
1, you mean human rights
1, If you donâ€™t support thatâ€™s embarrassing for you
1, Yes
